,num_comments,upvotes,upvote_ratio,created_utc
count,36.0,36.0,36.0,36.0
mean,3.9444444444444446,5.083333333333333,0.7883333333333333,1613403265.25
std,6.201126369778982,11.332317881679307,0.2851415688490794,43816.89466950586
min,0.0,0.0,0.07,1613264560.0
10%,0.0,0.0,0.405,1613353539.0
25%,0.0,1.0,0.6225,1613418455.75
50% - median,1.5,1.5,0.995,1613419869.0
75%,5.0,4.25,1.0,1613420220.5
90%,10.0,9.5,1.0,1613420448.0
max,26.0,65.0,1.0,1613420468.0
mode,0.0,1.0,1.0,1613264560.0
var,38.453968253968256,128.42142857142858,0.08130571428571429,1919920258.4785714
