,num_comments,upvotes,upvote_ratio,created_utc
count,149.0,149.0,149.0,149.0
mean,10.234899328859061,37.006711409395976,0.8577181208053692,1612406991.9127517
std,14.321307722706244,93.25281653918275,0.19594925158429352,354309.59984871786
min,0.0,0.0,0.03,1611289922.0
10%,0.0,1.0,0.616,1611874776.0
25%,1.0,1.0,0.79,1612285403.0
50% - median,5.0,4.0,0.93,1612599672.0
75%,12.0,26.0,1.0,1612611721.0
90%,24.0,90.60000000000014,1.0,1612612017.0
max,75.0,640.0,1.0,1612612141.0
mode,0.0,1.0,1.0,1612611821.0
var,205.0998548884455,8696.087792490476,0.03839610919644476,125535292544.95856
