,num_comments,upvotes,upvote_ratio,created_utc
count,36.0,36.0,36.0,36.0
mean,23.86111111111111,129.19444444444446,0.8416666666666668,1613400461.1944444
std,53.69072959500965,411.9698199379204,0.17727299367279348,43192.279733978554
min,0.0,0.0,0.12,1613264560.0
10%,1.5,2.5,0.655,1613353539.0
25%,3.5,3.75,0.7725,1613412903.5
50% - median,9.0,10.5,0.91,1613418481.5
75%,18.0,47.0,0.97,1613419583.0
90%,52.5,222.5,0.99,1613419905.0
max,311.0,2371.0,1.0,1613420068.0
mode,2.0,3.0,0.97,1613264560.0
var,2882.694444444445,169719.13253968256,0.03142571428571428,1865573028.6182542
