,num_comments,upvotes,upvote_ratio,created_utc
count,93.0,93.0,93.0,93.0
mean,131.44086021505376,3949.3978494623657,0.8666666666666668,1612559710.4731183
std,453.50004703431017,14714.0342642365,0.17517279254032805,106452.93937653465
min,0.0,0.0,0.07,1612194117.0
10%,3.0,1.200000000000001,0.63,1612405006.0
25%,6.0,4.0,0.78,1612568760.0
50% - median,12.0,7.0,0.94,1612610102.0
75%,21.0,15.0,1.0,1612611521.0
90%,230.79999999999998,7333.199999999997,1.0,1612612913.1999998
max,3074.0,105049.0,1.0,1612613418.0
mode,9.0,5.0,1.0,1612194117.0
var,205662.29266012151,216502804.32912573,0.030685507246376812,11332228301.90416
